,win_rate,local_win_rate,motor_win_rate
win_rate,1.0,0.7097450300917849,0.10431336234503649
local_win_rate,0.7097450300917849,1.0,0.24507185365037032
motor_win_rate,0.10431336234503649,0.24507185365037032,1.0
