,count,unique,top,freq,mean,std,min,25%,50%,75%,max
win_rate,30.0,,,,4.979,1.451748885856713,1.56,4.0,4.82,6.225,7.65
local_win_rate,30.0,,,,5.387666666666665,1.612696784749145,0.0,4.9799999999999995,5.529999999999999,6.3975,8.38
motor_win_rate,30.0,,,,33.50800000000001,7.978937531898031,19.58,27.2725,34.255,39.1425,47.95
boat_class,30,4,B1,15,,,,,,,
weather_condition,30,1,CLOUDY,30,,,,,,,
