{
  "optimization_time": "2025-07-29T15:09:58.834382",
  "study_name": "test_202403_optimization",
  "n_trials": 1,
  "existing_trials": 0,
  "total_trials": 1,
  "best_trial": {
    "number": 0,
    "value": 3.0961599349975586,
    "params": {
      "learning_rate": 2.3704664364159974e-05,
      "batch_size": 64,
      "n_steps": 4096,
      "gamma": 0.9698066062270845,
      "gae_lambda": 0.8473561195046121,
      "n_epochs": 17,
      "clip_range": 0.23831736629836053,
      "ent_coef": 0.06085732466674576,
      "vf_coef": 0.1710678229145011,
      "max_grad_norm": 0.4810436358517103
    }
  },
  "all_trials": [
    {
      "number": 0,
      "value": 3.0961599349975586,
      "params": {
        "learning_rate": 2.3704664364159974e-05,
        "batch_size": 64,
        "n_steps": 4096,
        "gamma": 0.9698066062270845,
        "gae_lambda": 0.8473561195046121,
        "n_epochs": 17,
        "clip_range": 0.23831736629836053,
        "ent_coef": 0.06085732466674576,
        "vf_coef": 0.1710678229145011,
        "max_grad_norm": 0.4810436358517103
      },
      "state": "COMPLETE"
    }
  ]
}