{
  "optimization_time": "2025-07-29T16:16:09.341486",
  "study_name": "graduated_reward_optimization",
  "n_trials": 30,
  "existing_trials": 0,
  "total_trials": 30,
  "best_trial": {
    "number": 4,
    "value": 8.360642433166504,
    "params": {
      "learning_rate": 0.0005208350022906673,
      "batch_size": 32,
      "n_steps": 2048,
      "gamma": 0.9625736219052181,
      "gae_lambda": 0.848147099172992,
      "n_epochs": 13,
      "clip_range": 0.15048207902754762,
      "ent_coef": 0.029866380770793177,
      "vf_coef": 0.5881261629810149,
      "max_grad_norm": 0.8501367302468871
    }
  },
  "all_trials": [
    {
      "number": 0,
      "value": 6.362961769104004,
      "params": {
        "learning_rate": 0.000315835041020935,
        "batch_size": 32,
        "n_steps": 2048,
        "gamma": 0.9686711623258755,
        "gae_lambda": 0.8316779661873486,
        "n_epochs": 11,
        "clip_range": 0.32790184779055775,
        "ent_coef": 0.06254702355179427,
        "vf_coef": 0.6708135987578101,
        "max_grad_norm": 0.45255163233926365
      },
      "state": "COMPLETE"
    },
    {
      "number": 1,
      "value": -1000.0,
      "params": {
        "learning_rate": 9.945946055166813e-05,
        "batch_size": 64,
        "n_steps": 2048,
        "gamma": 0.974697383630478,
        "gae_lambda": 0.9311759578620062,
        "n_epochs": 20,
        "clip_range": 0.28713961397039284,
        "ent_coef": 0.09961701100458725,
        "vf_coef": 0.3506783312655777,
        "max_grad_norm": 0.6011858826274249
      },
      "state": "COMPLETE"
    },
    {
      "number": 2,
      "value": 4.386094093322754,
      "params": {
        "learning_rate": 5.647916192481053e-05,
        "batch_size": 256,
        "n_steps": 2048,
        "gamma": 0.9353074025768343,
        "gae_lambda": 0.983833481975679,
        "n_epochs": 8,
        "clip_range": 0.13108208306953323,
        "ent_coef": 0.04673495021260429,
        "vf_coef": 0.6908997448543897,
        "max_grad_norm": 0.4377173981338607
      },
      "state": "COMPLETE"
    },
    {
      "number": 3,
      "value": -1000.0,
      "params": {
        "learning_rate": 0.0002640634895540221,
        "batch_size": 256,
        "n_steps": 1024,
        "gamma": 0.9868039361287803,
        "gae_lambda": 0.9601766454468237,
        "n_epochs": 16,
        "clip_range": 0.17837621979852358,
        "ent_coef": 0.07519206716073622,
        "vf_coef": 0.8096219581161387,
        "max_grad_norm": 0.6808004200655926
      },
      "state": "COMPLETE"
    },
    {
      "number": 4,
      "value": 8.360642433166504,
      "params": {
        "learning_rate": 0.0005208350022906673,
        "batch_size": 32,
        "n_steps": 2048,
        "gamma": 0.9625736219052181,
        "gae_lambda": 0.848147099172992,
        "n_epochs": 13,
        "clip_range": 0.15048207902754762,
        "ent_coef": 0.029866380770793177,
        "vf_coef": 0.5881261629810149,
        "max_grad_norm": 0.8501367302468871
      },
      "state": "COMPLETE"
    },
    {
      "number": 5,
      "value": -1000.0,
      "params": {
        "learning_rate": 0.0017915012298785218,
        "batch_size": 128,
        "n_steps": 1024,
        "gamma": 0.9026092741991513,
        "gae_lambda": 0.9048484489611558,
        "n_epochs": 6,
        "clip_range": 0.3660739759831677,
        "ent_coef": 0.01415051547905043,
        "vf_coef": 0.6711743253980862,
        "max_grad_norm": 0.33912782091888594
      },
      "state": "COMPLETE"
    },
    {
      "number": 6,
      "value": -1000.0,
      "params": {
        "learning_rate": 0.005287062792172761,
        "batch_size": 128,
        "n_steps": 2048,
        "gamma": 0.9697806035731508,
        "gae_lambda": 0.9279003326033198,
        "n_epochs": 3,
        "clip_range": 0.10837331609728805,
        "ent_coef": 0.06716472322244273,
        "vf_coef": 0.7353537507017892,
        "max_grad_norm": 0.7093815418019701
      },
      "state": "COMPLETE"
    },
    {
      "number": 7,
      "value": -1000.0,
      "params": {
        "learning_rate": 0.0002253312231691506,
        "batch_size": 32,
        "n_steps": 2048,
        "gamma": 0.9257211892788396,
        "gae_lambda": 0.8548346496496928,
        "n_epochs": 18,
        "clip_range": 0.1744209587549409,
        "ent_coef": 0.021581575138600664,
        "vf_coef": 0.16285384469548206,
        "max_grad_norm": 0.947086207511081
      },
      "state": "COMPLETE"
    },
    {
      "number": 8,
      "value": -1000.0,
      "params": {
        "learning_rate": 0.0008945510610842564,
        "batch_size": 32,
        "n_steps": 1024,
        "gamma": 0.9544174605360956,
        "gae_lambda": 0.8220409803012222,
        "n_epochs": 19,
        "clip_range": 0.10729229532177188,
        "ent_coef": 0.0896928511171567,
        "vf_coef": 0.34620972779519066,
        "max_grad_norm": 0.483389027818808
      },
      "state": "COMPLETE"
    },
    {
      "number": 9,
      "value": -1000.0,
      "params": {
        "learning_rate": 0.0005622168755927919,
        "batch_size": 128,
        "n_steps": 4096,
        "gamma": 0.9850522216625186,
        "gae_lambda": 0.8968624502409409,
        "n_epochs": 17,
        "clip_range": 0.3754666256626754,
        "ent_coef": 0.05561509121605447,
        "vf_coef": 0.8705885931369003,
        "max_grad_norm": 0.7911511517642031
      },
      "state": "COMPLETE"
    },
    {
      "number": 10,
      "value": -1000.0,
      "params": {
        "learning_rate": 1.4935775037730983e-05,
        "batch_size": 64,
        "n_steps": 4096,
        "gamma": 0.9977025599137558,
        "gae_lambda": 0.8612859538741022,
        "n_epochs": 14,
        "clip_range": 0.22958754048217106,
        "ent_coef": 0.03277801956939454,
        "vf_coef": 0.9962456286682814,
        "max_grad_norm": 0.9787298612617049
      },
      "state": "COMPLETE"
    },
    {
      "number": 11,
      "value": -1000.0,
      "params": {
        "learning_rate": 0.002652296923351544,
        "batch_size": 32,
        "n_steps": 2048,
        "gamma": 0.9556157111664414,
        "gae_lambda": 0.8049795679698396,
        "n_epochs": 11,
        "clip_range": 0.29876557712957513,
        "ent_coef": 0.00186229669984974,
        "vf_coef": 0.513552323285522,
        "max_grad_norm": 0.1096239457569978
      },
      "state": "COMPLETE"
    },
    {
      "number": 12,
      "value": -1000.0,
      "params": {
        "learning_rate": 7.685392544384027e-05,
        "batch_size": 32,
        "n_steps": 2048,
        "gamma": 0.9645198427606894,
        "gae_lambda": 0.8484386496646192,
        "n_epochs": 12,
        "clip_range": 0.3102560672780484,
        "ent_coef": 0.04125472670770359,
        "vf_coef": 0.521801716385717,
        "max_grad_norm": 0.3512722103855451
      },
      "state": "COMPLETE"
    },
    {
      "number": 13,
      "value": -1000.0,
      "params": {
        "learning_rate": 0.0007661986732452821,
        "batch_size": 32,
        "n_steps": 2048,
        "gamma": 0.9451954527112606,
        "gae_lambda": 0.8312342830364629,
        "n_epochs": 9,
        "clip_range": 0.23547895896400584,
        "ent_coef": 0.059802360041965485,
        "vf_coef": 0.41582922488898766,
        "max_grad_norm": 0.8174168301643397
      },
      "state": "COMPLETE"
    },
    {
      "number": 14,
      "value": -1000.0,
      "params": {
        "learning_rate": 2.23512791083475e-05,
        "batch_size": 32,
        "n_steps": 4096,
        "gamma": 0.9395247070017995,
        "gae_lambda": 0.8719256494257261,
        "n_epochs": 14,
        "clip_range": 0.33688301851728825,
        "ent_coef": 0.031299290798770946,
        "vf_coef": 0.617646071807377,
        "max_grad_norm": 0.1778912509861021
      },
      "state": "COMPLETE"
    },
    {
      "number": 15,
      "value": -1000.0,
      "params": {
        "learning_rate": 0.00019973644312431808,
        "batch_size": 32,
        "n_steps": 2048,