{
  "optimization_time": "2025-07-26T22:30:11.024085",
  "study_name": "graduated_reward_optimization_test",
  "n_trials": 2,
  "best_trial": {
    "number": 1,
    "value": 8.12324047088623,
    "params": {
      "learning_rate": 4.206585520855536e-05,
      "batch_size": 128,
      "n_steps": 4096,
      "gamma": 0.9303612491606931,
      "gae_lambda": 0.873305289924287,
      "n_epochs": 15,
      "clip_range": 0.2936863907255501,
      "ent_coef": 0.010743395957698788,
      "vf_coef": 0.49904892019492775,
      "max_grad_norm": 0.3969031589658094
    }
  },
  "all_trials": [
    {
      "number": 0,
      "value": 4.075439929962158,
      "params": {
        "learning_rate": 7.514658459424022e-05,
        "batch_size": 32,
        "n_steps": 1024,
        "gamma": 0.9625134521987646,
        "gae_lambda": 0.8165892681872706,
        "n_epochs": 19,
        "clip_range": 0.11644436944313291,
        "ent_coef": 0.09280725653406076,
        "vf_coef": 0.7576195943432691,
        "max_grad_norm": 0.7496819715301735
      },
      "state": "COMPLETE"
    },
    {
      "number": 1,
      "value": 8.12324047088623,
      "params": {
        "learning_rate": 4.206585520855536e-05,
        "batch_size": 128,
        "n_steps": 4096,
        "gamma": 0.9303612491606931,
        "gae_lambda": 0.873305289924287,
        "n_epochs": 15,
        "clip_range": 0.2936863907255501,
        "ent_coef": 0.010743395957698788,
        "vf_coef": 0.49904892019492775,
        "max_grad_norm": 0.3969031589658094
      },
      "state": "COMPLETE"
    }
  ]
}