{
  "optimization_time": "2025-07-31T09:11:13.413179",
  "study_name": "graduated_reward_optimization_202401",
  "data_month": "2024-01",
  "data_dir": "kyotei_predictor/data/raw/2024-01",
  "n_trials": 1,
  "test_mode": true,
  "existing_trials": 0,
  "total_trials": 1,
  "best_trial": {
    "number": 0,
    "value": 0.0,
    "params": {
      "learning_rate": 2.4023939690245142e-05,
      "batch_size": 32,
      "n_steps": 1024,
      "gamma": 0.9067367001306607,
      "gae_lambda": 0.8856064266331368,
      "n_epochs": 12,
      "clip_range": 0.37983746009299535,
      "ent_coef": 0.06488787465169125,
      "vf_coef": 0.8621367369030263,
      "max_grad_norm": 0.49436271136710686
    }
  },
  "all_trials": [
    {
      "number": 0,
      "value": 0.0,
      "params": {
        "learning_rate": 2.4023939690245142e-05,
        "batch_size": 32,
        "n_steps": 1024,
        "gamma": 0.9067367001306607,
        "gae_lambda": 0.8856064266331368,
        "n_epochs": 12,
        "clip_range": 0.37983746009299535,
        "ent_coef": 0.06488787465169125,
        "vf_coef": 0.8621367369030263,
        "max_grad_norm": 0.49436271136710686
      },
      "state": "COMPLETE"
    }
  ]
}