{
  "analysis_time": "2025-07-28T17:22:40.364604",
  "parameter_changes": {
    "learning_rate": {
      "january": 0.00019534751120434154,
      "february": 0.0010362999794462774,
      "change_ratio": 430.4904951475245,
      "absolute_change": 0.0008409524682419358
    },
    "batch_size": {
      "january": 32,
      "february": 64,
      "change_ratio": 100.0,
      "absolute_change": 32
    },
    "n_steps": {
      "january": 4096,
      "february": 2048,
      "change_ratio": -50.0,
      "absolute_change": -2048
    },
    "gamma": {
      "january": 0.9925570543250383,
      "february": 0.983802373993493,
      "change_ratio": -0.88203295653353,
      "absolute_change": -0.00875468033154525
    },
    "gae_lambda": {
      "january": 0.86955326149437,
      "february": 0.9728415846432708,
      "change_ratio": 11.878320480495324,
      "absolute_change": 0.1032883231489008
    },
    "n_epochs": {
      "january": 20,
      "february": 16,
      "change_ratio": -20.0,
      "absolute_change": -4
    },
    "clip_range": {
      "january": 0.18591561251707292,
      "february": 0.3676443727358161,
      "change_ratio": 97.74798240898396,
      "absolute_change": 0.1817287602187432
    },
    "ent_coef": {
      "january": 0.0985334661578806,
      "february": 0.044096825289878974,
      "change_ratio": -55.24685468871821,
      "absolute_change": -0.05443664086800162
    },
    "vf_coef": {
      "january": 0.29441969796867984,
      "february": 0.18036453063864608,
      "change_ratio": -38.738973009260704,
      "absolute_change": -0.11405516733003376
    },
    "max_grad_norm": {
      "january": 0.8333980938724133,
      "february": 0.9039941266061089,
      "change_ratio": 8.470865634653507,
      "absolute_change": 0.07059603273369564
    }
  },
  "score_analysis": {
    "january": {
      "mean": 6.277139338254929,
      "std": 1.6672928372190712,
      "min": 0.2860860228538513,
      "max": 8.745530128479004
    },
    "february": {
      "mean": 6.008671565651894,
      "std": 2.4058056503169327,
      "min": 0.3096599876880646,
      "max": 10.941741943359375
    }
  },
  "improvement_factors": [
    "学習率の大幅増加（5倍以上）により、より効率的な学習が実現",
    "バッチサイズの増加（32→64）により、より安定した学習が実現",
    "より積極的な学習設定（clip_range増加）により、探索範囲拡大"
  ],
  "key_insights": [
    "学習率の大幅増加（0.0002→0.001）により、より効率的な学習が実現",
    "バッチサイズの増加（32→64）により、より安定した学習が実現",
    "全体的なスコア水準の向上により、より良いパラメータが発見",
    "段階的最適化アプローチにより、月別特性に最適化されたモデルが構築"
  ]
}